left_pupil_x,left_pupil_y,right_pupil_x,right_pupil_y,gaze_direction,status_L,status_R
458.28040916166333,1579.2636360748436,887.7198852464301,1563.4674918608773,Looking center,Unknown,Unknown
458.28040916166333,1579.2636360748436,887.7198852464301,1563.4674918608773,Looking center,Fixation,Fixation
448.89007236544546,1540.278132066938,920.7712491986648,1535.1936910051506,Looking center,Saccade,Saccade
448.89007236544546,1540.278132066938,920.7712491986648,1535.1936910051506,Looking center,Fixation,Fixation
461.0964720194647,1508.3298661800486,956.8814170604214,1508.1617019333926,Looking center,Saccade,Saccade
-1,-1,-1,-1,Unknown,Saccade,Saccade
-1,-1,-1,-1,Unknown,Unknown,Unknown
-1,-1,-1,-1,Unknown,Unknown,Unknown
461.0964720194647,1508.3298661800486,956.8814170604214,1508.1617019333926,Looking center,Unknown,Unknown
542.8374879911007,1571.0876270415129,1069.563870281765,1576.9157682083999,Looking center,Saccade,Saccade
-1,-1,-1,-1,Unknown,Saccade,Saccade
542.8374879911007,1571.0876270415129,1069.563870281765,1576.9157682083999,Looking center,Unknown,Unknown
606.6057658085182,1510.6378771700874,980.2453810412322,1502.7639849266454,Looking center,Unknown,Unknown
606.6057658085182,1510.6378771700874,980.2453810412322,1502.7639849266454,Looking center,Fixation,Fixation
614.2870481686302,1507.630640378296,982.5660653889515,1500.499624201428,Looking center,Fixation,Fixation
614.2870481686302,1507.630640378296,982.5660653889515,1500.499624201428,Looking center,Fixation,Fixation
607.834111192991,1504.5108490952264,978.0785115916618,1497.4633937268654,Looking center,Fixation,Fixation
607.834111192991,1504.5108490952264,978.0785115916618,1497.4633937268654,Looking center,Fixation,Fixation
598.0229317116432,1478.78436589383,968.7871864817762,1471.8752746836403,Looking center,Fixation,Fixation
598.0229317116432,1478.78436589383,968.7871864817762,1471.8752746836403,Looking center,Fixation,Fixation
591.4006681724073,1483.868530020704,970.1547814004268,1475.0405935189322,Looking center,Fixation,Fixation
591.4006681724073,1483.868530020704,970.1547814004268,1475.0405935189322,Looking center,Fixation,Fixation
583.553182137834,1474.0179324894514,954.1570525932997,1466.6501204600208,Looking center,Fixation,Fixation
583.553182137834,1474.0179324894514,954.1570525932997,1466.6501204600208,Looking center,Fixation,Fixation
589.4162893858326,1477.6760415237572,957.0492170022371,1470.9644251436594,Looking center,Fixation,Fixation
589.4162893858326,1477.6760415237572,957.0492170022371,1470.9644251436594,Looking center,Fixation,Fixation
592.859900555718,1480.1761236228917,959.5700205338809,1474.0663472507415,Looking center,Fixation,Fixation
592.859900555718,1480.1761236228917,959.5700205338809,1474.0663472507415,Looking center,Fixation,Fixation
592.8527018661007,1491.4484832404705,960.4638087606837,1485.3997061965813,Looking center,Fixation,Fixation
592.8527018661007,1491.4484832404705,960.4638087606837,1485.3997061965813,Looking center,Fixation,Fixation
583.8447682119205,1500.5975717439294,948.0716300802256,1494.2328308207705,Looking center,Fixation,Fixation
583.8447682119205,1500.5975717439294,948.0716300802256,1494.2328308207705,Looking center,Fixation,Fixation
558.8965848151284,1536.5809201241887,936.2563211735186,1523.5663642797401,Blinking,Saccade,Saccade
558.8965848151284,1536.5809201241887,936.2563211735186,1523.5663642797401,Blinking,Fixation,Fixation
570.7734754956978,1501.5276842499065,938.2759796366354,1492.183970856102,Looking center,Saccade,Saccade
570.7734754956978,1501.5276842499065,938.2759796366354,1492.183970856102,Looking center,Fixation,Fixation
564.812118548899,1506.6788731018994,932.458599611003,1498.0939612855423,Blinking,Fixation,Fixation
564.812118548899,1506.6788731018994,932.458599611003,1498.0939612855423,Blinking,Fixation,Fixation
551.2831822759315,1530.8831822759316,922.7739058629232,1522.4764106798789,Blinking,Fixation,Fixation
551.2831822759315,1530.8831822759316,922.7739058629232,1522.4764106798789,Blinking,Fixation,Fixation
572.2282837170651,1523.6454514347167,940.6752010260964,1515.6634107838784,Looking center,Fixation,Fixation
572.2282837170651,1523.6454514347167,940.6752010260964,1515.6634107838784,Looking center,Fixation,Fixation
-1,-1,-1,-1,Unknown,Unknown,Unknown
-1,-1,-1,-1,Unknown,Unknown,Unknown
-1,-1,-1,-1,Unknown,Unknown,Unknown
-1,-1,-1,-1,Unknown,Unknown,Unknown
-1,-1,-1,-1,Unknown,Unknown,Unknown
-1,-1,-1,-1,Unknown,Unknown,Unknown
-1,-1,-1,-1,Unknown,Unknown,Unknown
-1,-1,-1,-1,Unknown,Unknown,Unknown
-1,-1,-1,-1,Unknown,Unknown,Unknown
-1,-1,-1,-1,Unknown,Unknown,Unknown
1037.2196342305037,1484.6002415458938,1209.9523583412472,1444.7790440012661,Looking left,Unknown,Unknown
1037.2196342305037,1484.6002415458938,1209.9523583412472,1444.7790440012661,Looking left,Fixation,Fixation
451.86570743405275,1380.6941740725067,699.4991376336668,1391.769115787053,Blinking,Saccade,Saccade
451.86570743405275,1380.6941740725067,699.4991376336668,1391.769115787053,Blinking,Fixation,Fixation
716.5017889087657,1765.2063208109719,1047.313770094025,1789.1004953998583,Looking center,Saccade,Saccade
716.5017889087657,1765.2063208109719,1047.313770094025,1789.1004953998583,Looking center,Fixation,Fixation
566.8800904977376,1592.6205305651672,950.1979478797784,1576.9951875056752,Blinking,Saccade,Saccade
566.8800904977376,1592.6205305651672,950.1979478797784,1576.9951875056752,Blinking,Fixation,Fixation
518.9955146893923,1562.867309561187,929.0837088908919,1570.4314636344727,Looking center,Unknown,Unknown
518.9955146893923,1562.867309561187,929.0837088908919,1570.4314636344727,Looking center,Fixation,Fixation
672.3766370439663,1414.2290302463362,1060.1136204481793,1437.4192051820728,Looking center,Saccade,Saccade
672.3766370439663,1414.2290302463362,1060.1136204481793,1437.4192051820728,Looking center,Fixation,Fixation
-1,-1,-1,-1,Unknown,Saccade,Saccade
-1,-1,-1,-1,Unknown,Unknown,Unknown
-1,-1,-1,-1,Unknown,Unknown,Unknown
-1,-1,-1,-1,Unknown,Unknown,Unknown
-1,-1,-1,-1,Unknown,Unknown,Unknown
-1,-1,-1,-1,Unknown,Unknown,Unknown
-1,-1,-1,-1,Unknown,Unknown,Unknown
-1,-1,-1,-1,Unknown,Unknown,Unknown
293.61539145116853,1536.4038567493112,932.1877009995654,1586.548645516442,Looking center,Unknown,Unknown
293.61539145116853,1536.4038567493112,932.1877009995654,1586.548645516442,Looking center,Fixation,Fixation
-1,-1,-1,-1,Unknown,Saccade,Saccade
-1,-1,-1,-1,Unknown,Unknown,Unknown
-1,-1,-1,-1,Unknown,Unknown,Unknown
-1,-1,-1,-1,Unknown,Unknown,Unknown
-1,-1,-1,-1,Unknown,Unknown,Unknown
-1,-1,-1,-1,Unknown,Unknown,Unknown
-1,-1,-1,-1,Unknown,Unknown,Unknown
-1,-1,-1,-1,Unknown,Unknown,Unknown
-1,-1,-1,-1,Unknown,Unknown,Unknown
-1,-1,-1,-1,Unknown,Unknown,Unknown
603.4195551541154,1564.3848933047307,979.0825791444045,1575.5978991749355,Looking center,Unknown,Unknown
603.4195551541154,1564.3848933047307,979.0825791444045,1575.5978991749355,Looking center,Fixation,Fixation
-1,-1,-1,-1,Unknown,Saccade,Saccade
-1,-1,-1,-1,Unknown,Unknown,Unknown
-1,-1,-1,-1,Unknown,Unknown,Unknown
-1,-1,-1,-1,Unknown,Unknown,Unknown
-1,-1,-1,-1,Unknown,Unknown,Unknown
-1,-1,-1,-1,Unknown,Unknown,Unknown
-1,-1,-1,-1,Unknown,Unknown,Unknown
-1,-1,-1,-1,Unknown,Unknown,Unknown
-1,-1,-1,-1,Unknown,Unknown,Unknown
-1,-1,-1,-1,Unknown,Unknown,Unknown
-1,-1,-1,-1,Unknown,Unknown,Unknown
-1,-1,-1,-1,Unknown,Unknown,Unknown
-1,-1,-1,-1,Unknown,Unknown,Unknown
-1,-1,-1,-1,Unknown,Unknown,Unknown
-1,-1,-1,-1,Unknown,Unknown,Unknown
-1,-1,-1,-1,Unknown,Unknown,Unknown
-1,-1,-1,-1,Unknown,Unknown,Unknown
-1,-1,-1,-1,Unknown,Unknown,Unknown
-1,-1,-1,-1,Unknown,Unknown,Unknown
-1,-1,-1,-1,Unknown,Unknown,Unknown
-1,-1,-1,-1,Unknown,Unknown,Unknown
-1,-1,-1,-1,Unknown,Unknown,Unknown
-1,-1,-1,-1,Unknown,Unknown,Unknown
-1,-1,-1,-1,Unknown,Unknown,Unknown
294.86748017083585,1585.8476510067114,865.8109038904942,1551.6297755596415,Blinking,Unknown,Unknown
294.86748017083585,1585.8476510067114,865.8109038904942,1551.6297755596415,Blinking,Fixation,Fixation
331.96858960456876,1545.6198583098387,972.5972669088393,1543.3494551115723,Blinking,Saccade,Saccade
331.96858960456876,1545.6198583098387,972.5972669088393,1543.3494551115723,Blinking,Fixation,Fixation
450.37338879959657,1377.1869150042546,850.7614763857653,1351.3410063059487,Looking center,Saccade,Saccade
450.37338879959657,1377.1869150042546,850.7614763857653,1351.3410063059487,Looking center,Fixation,Fixation
614.7877272132862,1480.8811625474043,1088.1956841008148,1502.3298275535342,Looking center,Saccade,Saccade
614.7877272132862,1480.8811625474043,1088.1956841008148,1502.3298275535342,Looking center,Fixation,Fixation
408.1226701343736,1542.6774165583008,826.9095164536816,1533.1631793287459,Blinking,Saccade,Saccade
408.1226701343736,1542.6774165583008,826.9095164536816,1533.1631793287459,Blinking,Fixation,Fixation
517.6677181913775,1480.9295478443744,923.4730889973146,1483.7516169295359,Blinking,Saccade,Saccade
517.6677181913775,1480.9295478443744,923.4730889973146,1483.7516169295359,Blinking,Fixation,Fixation
534.5081652257445,1440.9957141801522,945.0779345734445,1437.8858598816905,Looking center,Saccade,Saccade
522.9610536605443,1614.2968822349128,1005.2997952053969,1609.679243464643,Looking center,Unknown,Unknown
522.9610536605443,1614.2968822349128,1005.2997952053969,1609.679243464643,Looking center,Fixation,Fixation
472.04349938552116,1447.3127840178342,961.4026634136424,1420.8805021856258,Looking center,Saccade,Saccade
472.04349938552116,1447.3127840178342,961.4026634136424,1420.8805021856258,Looking center,Fixation,Fixation
496.4601179941003,1511.2959587020648,954.2683779556537,1504.258318765909,Looking center,Saccade,Saccade
496.4601179941003,1511.2959587020648,954.2683779556537,1504.258318765909,Looking center,Fixation,Fixation
500.36614757137556,1508.1442608188993,978.0319170930893,1505.4907737633741,Looking center,Fixation,Fixation
500.36614757137556,1508.1442608188993,978.0319170930893,1505.4907737633741,Looking center,Fixation,Fixation
481.26954317820935,1498.5642481983632,954.4495215191142,1497.7298461846785,Looking center,Fixation,Fixation
481.26954317820935,1498.5642481983632,954.4495215191142,1497.7298461846785,Looking center,Fixation,Fixation
476.37517683674434,1488.9319689396084,949.901379329878,1490.4992777636162,Blinking,Fixation,Fixation
476.37517683674434,1488.9319689396084,949.901379329878,1490.4992777636162,Blinking,Fixation,Fixation
460.64182751038356,1483.267611369004,943.131300005096,1480.138001324976,Looking center,Fixation,Fixation
460.64182751038356,1483.267611369004,943.131300005096,1480.138001324976,Looking center,Fixation,Fixation
464.5317221490816,1477.8903203560906,951.5583641195152,1476.3257826171496,Blinking,Fixation,Fixation
464.5317221490816,1477.8903203560906,951.5583641195152,1476.3257826171496,Blinking,Fixation,Fixation
464.9794389266423,1466.3821223209618,952.0124116302557,1470.7935470153618,Looking center,Fixation,Fixation
464.9794389266423,1466.3821223209618,952.0124116302557,1470.7935470153618,Looking center,Fixation,Fixation
471.9034768546594,1489.0054915436965,939.1376191640186,1481.216450745539,Blinking,Fixation,Fixation
471.9034768546594,1489.0054915436965,939.1376191640186,1481.216450745539,Blinking,Fixation,Fixation
459.5556852067937,1477.986192143135,927.2194548526927,1470.8788847255896,Blinking,Fixation,Fixation
459.5556852067937,1477.986192143135,927.2194548526927,1470.8788847255896,Blinking,Fixation,Fixation
460.38537513355743,1470.1867980090167,966.6559788069791,1473.739837398374,Looking center,Fixation,Saccade
460.38537513355743,1470.1867980090167,966.6559788069791,1473.739837398374,Looking center,Fixation,Fixation
473.9262403320128,1459.238382695089,940.6218537516402,1460.1264463795778,Blinking,Fixation,Fixation
473.9262403320128,1459.238382695089,940.6218537516402,1460.1264463795778,Blinking,Fixation,Fixation
467.4311083894672,1477.665966815385,965.0818297672547,1493.1224539987033,Looking center,Fixation,Saccade
467.4311083894672,1477.665966815385,965.0818297672547,1493.1224539987033,Looking center,Fixation,Fixation
452.81403141361255,1533.8897731239092,922.5177888095977,1524.5185127727789,Blinking,Saccade,Saccade
452.81403141361255,1533.8897731239092,922.5177888095977,1524.5185127727789,Blinking,Fixation,Fixation
465.7567024801687,1527.3340696857115,928.8183652875883,1519.0232088799194,Blinking,Fixation,Fixation
465.7567024801687,1527.3340696857115,928.8183652875883,1519.0232088799194,Blinking,Fixation,Fixation
476.40288458829826,1509.6571171018902,954.5520962093119,1518.6041666666667,Looking center,Fixation,Fixation
476.40288458829826,1509.6571171018902,954.5520962093119,1518.6041666666667,Looking center,Fixation,Fixation
481.6334027853931,1514.4533391819277,948.5623843643825,1521.3084064991422,Blinking,Fixation,Fixation
481.6334027853931,1514.4533391819277,948.5623843643825,1521.3084064991422,Blinking,Fixation,Fixation
472.5465412704974,1493.8306462725643,958.4111269455389,1503.2862212535279,Looking center,Fixation,Fixation
472.5465412704974,1493.8306462725643,958.4111269455389,1503.2862212535279,Looking center,Fixation,Fixation
479.83501219687184,1478.5399339933992,978.6495809416012,1487.3714393510659,Looking center,Fixation,Fixation
479.83501219687184,1478.5399339933992,978.6495809416012,1487.3714393510659,Looking center,Fixation,Fixation
469.7540916271722,1470.330205371248,963.0598182868547,1484.5810619190167,Blinking,Fixation,Fixation
469.7540916271722,1470.330205371248,963.0598182868547,1484.5810619190167,Blinking,Fixation,Fixation
474.42226561004554,1563.187779947169,968.1069468296461,1558.3336363942485,Blinking,Saccade,Saccade
474.42226561004554,1563.187779947169,968.1069468296461,1558.3336363942485,Blinking,Fixation,Fixation
-1,-1,-1,-1,Unknown,Saccade,Saccade
-1,-1,-1,-1,Unknown,Unknown,Unknown
-1,-1,-1,-1,Unknown,Unknown,Unknown
-1,-1,-1,-1,Unknown,Unknown,Unknown
-1,-1,-1,-1,Unknown,Unknown,Unknown
-1,-1,-1,-1,Unknown,Unknown,Unknown
-1,-1,-1,-1,Unknown,Unknown,Unknown
465.1571653093299,1485.3503000428632,901.9007289007288,1479.3533873533875,Blinking,Unknown,Unknown
465.1571653093299,1485.3503000428632,901.9007289007288,1479.3533873533875,Blinking,Fixation,Fixation
476.49749865312094,1482.5846224890327,950.3033654818912,1480.1971628335693,Looking center,Fixation,Saccade
476.49749865312094,1482.5846224890327,950.3033654818912,1480.1971628335693,Looking center,Fixation,Fixation
492.56652342950684,1501.64992838142,950.9685431031526,1501.7874515454016,Blinking,Fixation,Fixation
492.56652342950684,1501.64992838142,950.9685431031526,1501.7874515454016,Blinking,Fixation,Fixation
492.56783829711117,1464.3219151536832,969.0886567766677,1468.7502522958926,Looking center,Saccade,Saccade
492.56783829711117,1464.3219151536832,969.0886567766677,1468.7502522958926,Looking center,Fixation,Fixation
484.54882710952074,1465.2635104137994,960.1298333857278,1474.5807136120716,Looking center,Fixation,Fixation
484.54882710952074,1465.2635104137994,960.1298333857278,1474.5807136120716,Looking center,Fixation,Fixation
542.2030772040359,1614.7556042551248,982.6356850199248,1614.498344277937,Blinking,Unknown,Unknown
542.2030772040359,1614.7556042551248,982.6356850199248,1614.498344277937,Blinking,Fixation,Fixation
371.70824824647076,1625.7119772707094,891.4769551195915,1639.2120621696677,Looking center,Saccade,Saccade
371.70824824647076,1625.7119772707094,891.4769551195915,1639.2120621696677,Looking center,Fixation,Fixation
413.3743186489143,1636.4286480207309,980.2264573534502,1661.199906338444,Looking center,Saccade,Saccade
413.3743186489143,1636.4286480207309,980.2264573534502,1661.199906338444,Looking center,Fixation,Fixation
404.4199047313209,1631.8794958253052,933.2778645670603,1633.093107542336,Looking center,Fixation,Saccade
404.4199047313209,1631.8794958253052,933.2778645670603,1633.093107542336,Looking center,Fixation,Fixation
477.6008833756226,1516.8361682799236,1014.8586019870236,1529.5225060827252,Looking center,Saccade,Saccade
477.6008833756226,1516.8361682799236,1014.8586019870236,1529.5225060827252,Looking center,Fixation,Fixation
466.954124873649,1615.5221211414353,982.0758135997692,1613.0274827577164,Blinking,Saccade,Saccade
466.954124873649,1615.5221211414353,982.0758135997692,1613.0274827577164,Blinking,Fixation,Fixation
467.9139164696611,1605.8875650118202,985.0297057638049,1598.8744659411527,Looking center,Fixation,Fixation
467.9139164696611,1605.8875650118202,985.0297057638049,1598.8744659411527,Looking center,Fixation,Fixation
452.81704053522236,1663.6808736717828,973.7824792128273,1674.8232435136874,Looking center,Saccade,Saccade
452.81704053522236,1663.6808736717828,973.7824792128273,1674.8232435136874,Looking center,Fixation,Fixation
478.266315939144,1651.3593535238638,1003.6270788856382,1658.307240188714,Looking center,Fixation,Saccade
478.266315939144,1651.3593535238638,1003.6270788856382,1658.307240188714,Looking center,Fixation,Fixation
496.0673189938881,1613.0500705218617,993.0287796737168,1580.0070161098056,Blinking,Saccade,Saccade
496.0673189938881,1613.0500705218617,993.0287796737168,1580.0070161098056,Blinking,Fixation,Fixation
466.57573713624976,1625.0918288687608,995.7512278308322,1598.9662119145066,Looking center,Saccade,Fixation
466.57573713624976,1625.0918288687608,995.7512278308322,1598.9662119145066,Looking center,Fixation,Fixation
452.40441370223976,1660.9606389986825,979.6973916406798,1644.4403268305655,Looking center,Saccade,Saccade
452.40441370223976,1660.9606389986825,979.6973916406798,1644.4403268305655,Looking center,Fixation,Fixation
465.40569571865444,1713.8020642201834,977.698335210915,1682.204781574665,Blinking,Saccade,Saccade
465.40569571865444,1713.8020642201834,977.698335210915,1682.204781574665,Blinking,Fixation,Fixation
491.43893002468144,1676.7372756987527,1006.4471174852854,1665.929164417714,Looking center,Saccade,Saccade
486.1504829689883,1694.7465853245212,986.3438877983557,1683.1515746351456,Blinking,Fixation,Fixation
491.43893002468144,1676.7372756987527,1006.4471174852854,1665.929164417714,Looking center,Fixation,Fixation
486.1504829689883,1694.7465853245212,986.3438877983557,1683.1515746351456,Blinking,Fixation,Fixation
493.15871336366524,1708.1213980883856,1000.7212912835496,1701.0257511958982,Blinking,Fixation,Fixation
-1,-1,-1,-1,Unknown,Saccade,Saccade
-1,-1,-1,-1,Unknown,Unknown,Unknown
493.15871336366524,1708.1213980883856,1000.7212912835496,1701.0257511958982,Blinking,Unknown,Unknown
-1,-1,-1,-1,Unknown,Saccade,Saccade
-1,-1,-1,-1,Unknown,Unknown,Unknown
529.3752170369582,1669.5495552957018,1042.3558545092178,1678.823567513702,Looking center,Unknown,Unknown
-1,-1,-1,-1,Unknown,Saccade,Saccade
-1,-1,-1,-1,Unknown,Unknown,Unknown
-1,-1,-1,-1,Unknown,Unknown,Unknown
-1,-1,-1,-1,Unknown,Unknown,Unknown
529.3752170369582,1669.5495552957018,1042.3558545092178,1678.823567513702,Looking center,Unknown,Unknown
-1,-1,-1,-1,Unknown,Saccade,Saccade
-1,-1,-1,-1,Unknown,Unknown,Unknown
-1,-1,-1,-1,Unknown,Unknown,Unknown
-1,-1,-1,-1,Unknown,Unknown,Unknown
494.02929645426735,1731.9505837749343,1019.4105322763307,1750.0877689694223,Blinking,Unknown,Unknown
494.02929645426735,1731.9505837749343,1019.4105322763307,1750.0877689694223,Blinking,Fixation,Fixation
499.2743944981561,1737.0387056048373,1024.6674105425163,1750.0555341798126,Blinking,Fixation,Fixation
499.2743944981561,1737.0387056048373,1024.6674105425163,1750.0555341798126,Blinking,Fixation,Fixation
488.4927311025933,1742.9134983942815,1014.883948367502,1759.5410174639333,Blinking,Fixation,Fixation
515.1634776083769,1745.6690883045123,1038.278666442162,1755.6952910142,Blinking,Fixation,Fixation
488.4927311025933,1742.9134983942815,1014.883948367502,1759.5410174639333,Blinking,Fixation,Fixation
515.1634776083769,1745.6690883045123,1038.278666442162,1755.6952910142,Blinking,Fixation,Fixation
519.7855737336257,1749.780823073031,1022.7131498470948,1764.60122324159,Looking center,Saccade,Fixation
497.1245848667086,1723.1897196541304,1010.7439882571342,1738.9759746146872,Looking center,Fixation,Saccade
519.7855737336257,1749.780823073031,1022.7131498470948,1764.60122324159,Looking center,Fixation,Fixation
497.1245848667086,1723.1897196541304,1010.7439882571342,1738.9759746146872,Looking center,Saccade,Fixation
489.5927885039231,1719.5361897205325,1019.1156985444157,1740.561896340634,Looking center,Fixation,Fixation
474.52574868322046,1716.3912716328066,989.7233168505135,1724.3542031190566,Looking center,Fixation,Saccade
474.52574868322046,1716.3912716328066,989.7233168505135,1724.3542031190566,Looking center,Fixation,Fixation
510.8169826306157,1698.7653924513968,1012.5754345998427,1721.926667209069,Looking center,Fixation,Fixation
489.5927885039231,1719.5361897205325,1019.1156985444157,1740.561896340634,Looking center,Fixation,Saccade
487.88417257820674,1699.6930650850875,993.6840432098766,1716.8558333333333,Blinking,Fixation,Fixation
497.5600628286553,1711.4104008741378,1004.5421367521368,1727.905299145299,Blinking,Fixation,Fixation
505.90328703703705,1753.3981944444445,1023.3156186968342,1774.2647841211376,Blinking,Unknown,Unknown
484.23475733156715,1733.599771865916,1001.3428865489668,1748.395851476526,Blinking,Fixation,Saccade
484.23475733156715,1733.599771865916,1001.3428865489668,1748.395851476526,Blinking,Fixation,Fixation
519.0863770058453,1728.9354778658922,1055.0857879971948,1756.1541178238654,Blinking,Saccade,Saccade
519.0863770058453,1728.9354778658922,1055.0857879971948,1756.1541178238654,Blinking,Fixation,Fixation
-1,-1,-1,-1,Unknown,Saccade,Saccade
-1,-1,-1,-1,Unknown,Unknown,Unknown
-1,-1,-1,-1,Unknown,Unknown,Unknown
-1,-1,-1,-1,Unknown,Unknown,Unknown
-1,-1,-1,-1,Unknown,Unknown,Unknown
-1,-1,-1,-1,Unknown,Unknown,Unknown
365.0072231139647,1512.3728969740205,806.3302586011587,1480.5190795222836,Blinking,Unknown,Unknown
365.0072231139647,1512.3728969740205,806.3302586011587,1480.5190795222836,Blinking,Fixation,Fixation
434.2012720848056,1566.485371024735,878.1794761700301,1547.5149563475024,Blinking,Saccade,Saccade
434.2012720848056,1566.485371024735,878.1794761700301,1547.5149563475024,Blinking,Fixation,Fixation
544.0364532728778,1516.0930584044047,948.5643385485905,1511.392575928009,Looking center,Unknown,Unknown
544.0364532728778,1516.0930584044047,948.5643385485905,1511.392575928009,Looking center,Fixation,Fixation
582.9555849783342,1479.1107366393837,983.8993471582181,1482.2166666666667,Blinking,Saccade,Saccade
582.9555849783342,1479.1107366393837,983.8993471582181,1482.2166666666667,Blinking,Fixation,Fixation
554.7769961308477,1484.3125806073397,952.451753853623,1484.6459521786624,Looking center,Fixation,Saccade
554.7769961308477,1484.3125806073397,952.451753853623,1484.6459521786624,Looking center,Fixation,Fixation
538.5191425320265,1496.910655948317,958.351966873706,1496.7018633540372,Looking center,Fixation,Fixation
538.5191425320265,1496.910655948317,958.351966873706,1496.7018633540372,Looking center,Fixation,Fixation
601.670738456673,1517.745651486401,1015.5814868105515,1529.2007354116706,Looking center,Saccade,Saccade
601.670738456673,1517.745651486401,1015.5814868105515,1529.2007354116706,Looking center,Fixation,Fixation
688.7880246222719,1532.78436858795,1107.0900792628838,1569.2369588233612,Looking center,Saccade,Saccade
688.7880246222719,1532.78436858795,1107.0900792628838,1569.2369588233612,Looking center,Fixation,Fixation
543.9348328085171,1493.2457639826061,969.733217664312,1478.6524145908209,Looking center,Unknown,Unknown
543.9348328085171,1493.2457639826061,969.733217664312,1478.6524145908209,Looking center,Fixation,Fixation
338.9158319674619,1548.1097857099496,807.3563777117653,1529.7496324301617,Looking center,Saccade,Saccade
338.9158319674619,1548.1097857099496,807.3563777117653,1529.7496324301617,Looking center,Fixation,Fixation
-1,-1,-1,-1,Unknown,Saccade,Saccade
-1,-1,-1,-1,Unknown,Unknown,Unknown
-1,-1,-1,-1,Unknown,Unknown,Unknown
-1,-1,-1,-1,Unknown,Unknown,Unknown
-1,-1,-1,-1,Unknown,Unknown,Unknown
-1,-1,-1,-1,Unknown,Unknown,Unknown
-1,-1,-1,-1,Unknown,Unknown,Unknown
-1,-1,-1,-1,Unknown,Unknown,Unknown
-1,-1,-1,-1,Unknown,Unknown,Unknown
-1,-1,-1,-1,Unknown,Unknown,Unknown
-1,-1,-1,-1,Unknown,Unknown,Unknown
-1,-1,-1,-1,Unknown,Unknown,Unknown
-1,-1,-1,-1,Unknown,Unknown,Unknown
-1,-1,-1,-1,Unknown,Unknown,Unknown
-1,-1,-1,-1,Unknown,Unknown,Unknown
-1,-1,-1,-1,Unknown,Unknown,Unknown
-1,-1,-1,-1,Unknown,Unknown,Unknown
-1,-1,-1,-1,Unknown,Unknown,Unknown
-1,-1,-1,-1,Unknown,Unknown,Unknown
-1,-1,-1,-1,Unknown,Unknown,Unknown
-1,-1,-1,-1,Unknown,Unknown,Unknown
-1,-1,-1,-1,Unknown,Unknown,Unknown
-1,-1,-1,-1,Unknown,Unknown,Unknown
-1,-1,-1,-1,Unknown,Unknown,Unknown
430.25985427091564,1368.6224797354637,915.4030813328557,1329.6822823360803,Blinking,Unknown,Unknown
430.25985427091564,1368.6224797354637,915.4030813328557,1329.6822823360803,Blinking,Fixation,Fixation
290.61604563300983,1282.029212040398,806.2531056797827,1248.0841278095568,Blinking,Saccade,Saccade
290.61604563300983,1282.029212040398,806.2531056797827,1248.0841278095568,Blinking,Fixation,Fixation
351.4192160164655,1398.4171266410951,825.4123434997222,1362.052629858455,Blinking,Saccade,Saccade
351.4192160164655,1398.4171266410951,825.4123434997222,1362.052629858455,Blinking,Fixation,Fixation
342.5410090055195,1445.0906361963785,807.4957144407074,1417.5853676178076,Blinking,Saccade,Saccade
342.5410090055195,1445.0906361963785,807.4957144407074,1417.5853676178076,Blinking,Fixation,Fixation
296.99861833169405,1485.134326261065,780.3686803128641,1441.9627225827924,Looking center,Saccade,Saccade
296.99861833169405,1485.134326261065,780.3686803128641,1441.9627225827924,Looking center,Fixation,Fixation
324.10526464921224,1496.2235917488383,806.6275104753648,1445.2385854645283,Blinking,Fixation,Fixation
324.10526464921224,1496.2235917488383,806.6275104753648,1445.2385854645283,Blinking,Fixation,Fixation
318.06558320902354,1527.8987987752218,784.8131478921907,1482.984133840129,Looking center,Unknown,Unknown
318.06558320902354,1527.8987987752218,784.8131478921907,1482.984133840129,Looking center,Fixation,Fixation
335.6065640831996,1531.1919821265615,802.203905630452,1493.527788791964,Blinking,Fixation,Fixation
335.6065640831996,1531.1919821265615,802.203905630452,1493.527788791964,Blinking,Fixation,Fixation
317.77504834421075,1435.0333575054387,794.7114850798057,1384.6003932454314,Blinking,Saccade,Saccade
317.77504834421075,1435.0333575054387,794.7114850798057,1384.6003932454314,Blinking,Fixation,Fixation
361.96446466244726,1499.807786128692,823.9190379764823,1453.0861487086574,Blinking,Saccade,Saccade
361.96446466244726,1499.807786128692,823.9190379764823,1453.0861487086574,Blinking,Fixation,Fixation
389.62058874587706,1380.6943183790888,892.5540367910066,1330.2628598194515,Blinking,Unknown,Unknown
389.62058874587706,1380.6943183790888,892.5540367910066,1330.2628598194515,Blinking,Fixation,Fixation
375.7823752070026,1464.9560444759877,898.1688554645116,1410.9521457701949,Blinking,Saccade,Saccade
375.7823752070026,1464.9560444759877,898.1688554645116,1410.9521457701949,Blinking,Fixation,Fixation
437.9754815213767,1480.4871380575005,909.3533661740559,1434.9581937602627,Blinking,Saccade,Fixation
437.9754815213767,1480.4871380575005,909.3533661740559,1434.9581937602627,Blinking,Fixation,Fixation
430.8705247156262,1552.2363841274835,898.2368310817886,1506.0127762069326,Blinking,Saccade,Saccade
430.8705247156262,1552.2363841274835,898.2368310817886,1506.0127762069326,Blinking,Fixation,Fixation
428.96039167011446,1593.413239553165,893.2368302057428,1539.285628155852,Blinking,Saccade,Saccade
440.5036494092905,1584.6553782396238,899.7774708070873,1536.7607470438722,Blinking,Unknown,Unknown
440.5036494092905,1584.6553782396238,899.7774708070873,1536.7607470438722,Blinking,Fixation,Fixation
422.6869017426164,1593.8508822165861,888.3019082235347,1536.7785476298652,Blinking,Fixation,Fixation
422.6869017426164,1593.8508822165861,888.3019082235347,1536.7785476298652,Blinking,Fixation,Fixation
429.81849272323325,1596.4273945929754,903.3478540366799,1539.4057855927397,Blinking,Fixation,Fixation
429.81849272323325,1596.4273945929754,903.3478540366799,1539.4057855927397,Blinking,Fixation,Fixation
445.30706767856583,1602.205096973672,916.5298077997542,1569.693513241703,Blinking,Fixation,Saccade
445.30706767856583,1602.205096973672,916.5298077997542,1569.693513241703,Blinking,Fixation,Fixation
433.7995721925134,1590.9771479500891,881.7746400223366,1545.1790514937577,Blinking,Fixation,Saccade
433.7995721925134,1590.9771479500891,881.7746400223366,1545.1790514937577,Blinking,Fixation,Fixation
407.5805946791862,1565.916230717639,891.7544815241017,1518.3064058304565,Looking center,Saccade,Fixation
407.5805946791862,1565.916230717639,891.7544815241017,1518.3064058304565,Looking center,Fixation,Fixation
410.76812959618957,1592.216665358143,900.5219718852301,1550.5260543038705,Blinking,Fixation,Saccade
410.76812959618957,1592.216665358143,900.5219718852301,1550.5260543038705,Blinking,Fixation,Fixation
607.6821945102889,1885.4555635714041,1039.5323712432146,1836.4286155611458,Blinking,Saccade,Saccade
607.6821945102889,1885.4555635714041,1039.5323712432146,1836.4286155611458,Blinking,Fixation,Fixation
-1,-1,-1,-1,Unknown,Saccade,Saccade
-1,-1,-1,-1,Unknown,Unknown,Unknown
-1,-1,-1,-1,Unknown,Unknown,Unknown
-1,-1,-1,-1,Unknown,Unknown,Unknown
-1,-1,-1,-1,Unknown,Unknown,Unknown
-1,-1,-1,-1,Unknown,Unknown,Unknown
-1,-1,-1,-1,Unknown,Unknown,Unknown
-1,-1,-1,-1,Unknown,Unknown,Unknown
534.1298509161261,1607.091555707295,944.3253679379649,1564.7636229361185,Blinking,Unknown,Unknown
534.1298509161261,1607.091555707295,944.3253679379649,1564.7636229361185,Blinking,Fixation,Fixation
442.9682394458241,1535.7198623273646,845.235798590473,1519.1615295349693,Looking center,Saccade,Saccade
442.9682394458241,1535.7198623273646,845.235798590473,1519.1615295349693,Looking center,Fixation,Fixation
471.1285076530612,1468.7734552154195,889.7786300324366,1483.733104369395,Looking center,Saccade,Saccade
471.1285076530612,1468.7734552154195,889.7786300324366,1483.733104369395,Looking center,Fixation,Fixation
477.8471056313396,1417.6322577824415,887.6467942804428,1433.30661900369,Blinking,Saccade,Saccade
477.8471056313396,1417.6322577824415,887.6467942804428,1433.30661900369,Blinking,Fixation,Fixation
453.65064026087646,1488.4071820567883,857.1837543338286,1495.3497606075614,Looking center,Saccade,Saccade
453.65064026087646,1488.4071820567883,857.1837543338286,1495.3497606075614,Looking center,Fixation,Fixation
453.131314509162,1524.603964897922,848.9608865098371,1524.1872094661219,Blinking,Saccade,Fixation
453.131314509162,1524.603964897922,848.9608865098371,1524.1872094661219,Blinking,Fixation,Fixation
450.3829304127154,1514.427496549575,862.6854407836154,1519.7812407242504,Blinking,Fixation,Fixation
450.3829304127154,1514.427496549575,862.6854407836154,1519.7812407242504,Blinking,Fixation,Fixation
452.39593263425485,1510.7095646647601,865.5420329941717,1515.4622147584707,Blinking,Fixation,Fixation
452.39593263425485,1510.7095646647601,865.5420329941717,1515.4622147584707,Blinking,Fixation,Fixation
439.9434402332362,1521.7298347910594,835.1607866586937,1523.2569928908379,Blinking,Fixation,Saccade
439.9434402332362,1521.7298347910594,835.1607866586937,1523.2569928908379,Blinking,Fixation,Fixation
426.43311183227735,1526.2882089321588,828.8356561184894,1526.133519156146,Blinking,Fixation,Fixation
-1,-1,-1,-1,Unknown,Unknown,Unknown
-1,-1,-1,-1,Unknown,Unknown,Unknown
607.4522376078668,1726.69666867349,962.9389575757575,1712.0394666666666,Looking center,Unknown,Unknown
607.4522376078668,1726.69666867349,962.9389575757575,1712.0394666666666,Looking center,Fixation,Fixation
-1,-1,-1,-1,Unknown,Saccade,Saccade
-1,-1,-1,-1,Unknown,Unknown,Unknown
501.80066267114944,1569.3492666764118,887.7446850297049,1555.8256002356754,Blinking,Unknown,Unknown
501.80066267114944,1569.3492666764118,887.7446850297049,1555.8256002356754,Blinking,Fixation,Fixation
494.75462329634695,1476.192987789431,884.0366650725331,1500.540809819863,Looking center,Saccade,Saccade
494.75462329634695,1476.192987789431,884.0366650725331,1500.540809819863,Looking center,Fixation,Fixation
531.1717425431711,1496.8271062271062,956.4795646309715,1481.8720240895832,Looking center,Saccade,Saccade
531.1717425431711,1496.8271062271062,956.4795646309715,1481.8720240895832,Looking center,Fixation,Fixation
476.03195372872517,1486.7445598065708,869.4493135862582,1499.4434300398998,Looking center,Saccade,Saccade
511.16014029479663,1443.019090747647,916.2174683320046,1433.592523695633,Blinking,Saccade,Saccade
476.03195372872517,1486.7445598065708,869.4493135862582,1499.4434300398998,Looking center,Saccade,Saccade
511.16014029479663,1443.019090747647,916.2174683320046,1433.592523695633,Blinking,Saccade,Saccade
357.8022758894852,1437.327519379845,793.2255998136501,1447.8923441260968,Blinking,Saccade,Saccade
357.8022758894852,1437.327519379845,793.2255998136501,1447.8923441260968,Blinking,Fixation,Fixation
490.8270125475821,1537.1870388646082,896.3180274694643,1514.293598905276,Blinking,Saccade,Saccade
490.8270125475821,1537.1870388646082,896.3180274694643,1514.293598905276,Blinking,Fixation,Fixation
312.793114339861,1327.9572892538781,788.4083818085669,1326.8816763617133,Blinking,Saccade,Saccade
308.23355263157896,1603.2887426900584,736.563743887183,1598.8439667917662,Blinking,Saccade,Saccade
510.4946651949963,1594.6612398822663,921.8163992869875,1575.659791189203,Looking center,Saccade,Saccade
-1,-1,-1,-1,Unknown,Saccade,Saccade
312.793114339861,1327.9572892538781,788.4083818085669,1326.8816763617133,Blinking,Unknown,Unknown
510.4946651949963,1594.6612398822663,921.8163992869875,1575.659791189203,Looking center,Saccade,Saccade
504.53138236426645,1578.1368245411372,908.7751014092753,1564.1288420524402,Looking center,Fixation,Fixation
504.53138236426645,1578.1368245411372,908.7751014092753,1564.1288420524402,Looking center,Saccade,Saccade
439.77139051132286,1600.0899169996926,830.7865409672721,1586.4789606806162,Looking center,Unknown,Unknown
-1,-1,-1,-1,Unknown,Saccade,Saccade
-1,-1,-1,-1,Unknown,Saccade,Saccade
308.23355263157896,1603.2887426900584,736.563743887183,1598.8439667917662,Blinking,Unknown,Unknown
439.77139051132286,1600.0899169996926,830.7865409672721,1586.4789606806162,Looking center,Saccade,Saccade
501.8179378531073,1548.6777306967986,919.0142142142142,1539.9416616616616,Blinking,Saccade,Saccade
-1,-1,-1,-1,Unknown,Saccade,Saccade
501.8179378531073,1548.6777306967986,919.0142142142142,1539.9416616616616,Blinking,Unknown,Unknown
373.26010544815466,1680.071785859132,811.5749111420182,1664.5840287436254,Looking center,Saccade,Saccade
511.45265812960804,1571.614716724874,932.8738362760835,1562.4795077581593,Blinking,Saccade,Saccade
373.26010544815466,1680.071785859132,811.5749111420182,1664.5840287436254,Looking center,Saccade,Saccade
504.1201304424467,1605.1412392032435,940.2659812703583,1593.4989820846906,Looking center,Saccade,Saccade
-1,-1,-1,-1,Unknown,Saccade,Saccade
400.56040343668286,1786.753505167476,949.4076714861028,1782.4785546092735,Looking center,Unknown,Unknown
400.56040343668286,1786.753505167476,949.4076714861028,1782.4785546092735,Looking center,Fixation,Fixation
426.6609079298735,1775.0611401370022,971.8883757186009,1776.80496930722,Looking center,Fixation,Fixation
426.6609079298735,1775.0611401370022,971.8883757186009,1776.80496930722,Looking center,Fixation,Fixation
412.0070413486495,1794.5208799115976,968.5041067761807,1791.9961898243212,Blinking,Fixation,Fixation
412.0070413486495,1794.5208799115976,968.5041067761807,1791.9961898243212,Blinking,Fixation,Fixation
384.1049501486794,1813.991020931724,940.7969017753102,1813.670071058103,Blinking,Saccade,Saccade
384.1049501486794,1813.991020931724,940.7969017753102,1813.670071058103,Blinking,Fixation,Fixation
-1,-1,-1,-1,Unknown,Saccade,Saccade
-1,-1,-1,-1,Unknown,Unknown,Unknown
-1,-1,-1,-1,Unknown,Unknown,Unknown
-1,-1,-1,-1,Unknown,Unknown,Unknown
-1,-1,-1,-1,Unknown,Unknown,Unknown
-1,-1,-1,-1,Unknown,Unknown,Unknown
-1,-1,-1,-1,Unknown,Unknown,Unknown
-1,-1,-1,-1,Unknown,Unknown,Unknown
-1,-1,-1,-1,Unknown,Unknown,Unknown
-1,-1,-1,-1,Unknown,Unknown,Unknown
-1,-1,-1,-1,Unknown,Unknown,Unknown
-1,-1,-1,-1,Unknown,Unknown,Unknown
-1,-1,-1,-1,Unknown,Unknown,Unknown
-1,-1,-1,-1,Unknown,Unknown,Unknown
-1,-1,-1,-1,Unknown,Unknown,Unknown
-1,-1,-1,-1,Unknown,Unknown,Unknown
-1,-1,-1,-1,Unknown,Unknown,Unknown
-1,-1,-1,-1,Unknown,Unknown,Unknown
-1,-1,-1,-1,Unknown,Unknown,Unknown
-1,-1,-1,-1,Unknown,Unknown,Unknown
-1,-1,-1,-1,Unknown,Unknown,Unknown
-1,-1,-1,-1,Unknown,Unknown,Unknown
-1,-1,-1,-1,Unknown,Unknown,Unknown
-1,-1,-1,-1,Unknown,Unknown,Unknown
-1,-1,-1,-1,Unknown,Unknown,Unknown
-1,-1,-1,-1,Unknown,Unknown,Unknown
-1,-1,-1,-1,Unknown,Unknown,Unknown
-1,-1,-1,-1,Unknown,Unknown,Unknown
-1,-1,-1,-1,Unknown,Unknown,Unknown
-1,-1,-1,-1,Unknown,Unknown,Unknown
-1,-1,-1,-1,Unknown,Unknown,Unknown
-1,-1,-1,-1,Unknown,Unknown,Unknown
-1,-1,-1,-1,Unknown,Unknown,Unknown
-1,-1,-1,-1,Unknown,Unknown,Unknown
-1,-1,-1,-1,Unknown,Unknown,Unknown
-1,-1,-1,-1,Unknown,Unknown,Unknown
-1,-1,-1,-1,Unknown,Unknown,Unknown
1453.3143231012486,2415.6941460843645,2064.2074670964275,2391.705864446235,Looking center,Unknown,Unknown
1453.3143231012486,2415.6941460843645,2064.2074670964275,2391.705864446235,Looking center,Fixation,Fixation
1392.3323876429795,2465.544650094569,1956.6363943638169,2439.4404165874475,Blinking,Saccade,Saccade
1392.3323876429795,2465.544650094569,1956.6363943638169,2439.4404165874475,Blinking,Fixation,Fixation
1424.2084619257118,2418.347188478123,2017.5124085338975,2391.8201313585473,Blinking,Saccade,Saccade
1424.2084619257118,2418.347188478123,2017.5124085338975,2391.8201313585473,Blinking,Fixation,Fixation
1413.024635778153,2414.9763646595384,1998.3218002633703,2390.60235334098,Blinking,Fixation,Fixation
1413.024635778153,2414.9763646595384,1998.3218002633703,2390.60235334098,Blinking,Fixation,Fixation
1432.870127817618,2401.32742646042,2019.383347196451,2384.4412097169793,Blinking,Fixation,Fixation
1432.870127817618,2401.32742646042,2019.383347196451,2384.4412097169793,Blinking,Fixation,Fixation
1413.6370712849046,2398.0057727973253,1987.8241734417345,2370.807669376694,Blinking,Fixation,Saccade
1413.6370712849046,2398.0057727973253,1987.8241734417345,2370.807669376694,Blinking,Fixation,Fixation
1361.6387576120947,2452.23077284804,1928.7096153846153,2417.529534662868,Blinking,Saccade,Saccade
1361.6387576120947,2452.23077284804,1928.7096153846153,2417.529534662868,Blinking,Fixation,Fixation
1369.20444359885,2443.3353838998814,1934.1178042763158,2411.3658168859647,Blinking,Fixation,Fixation
1369.20444359885,2443.3353838998814,1934.1178042763158,2411.3658168859647,Blinking,Fixation,Fixation
1358.3208610197191,2440.4692600477388,1923.752636029046,2407.070153188103,Blinking,Fixation,Fixation
1358.3208610197191,2440.4692600477388,1923.752636029046,2407.070153188103,Blinking,Fixation,Fixation
1342.618201694452,2436.9160517445566,1916.816250753466,2399.093429776974,Blinking,Fixation,Fixation
1342.618201694452,2436.9160517445566,1916.816250753466,2399.093429776974,Blinking,Fixation,Fixation
1339.5698099898602,2465.579112110391,1910.7468974676008,2424.520881989284,Blinking,Fixation,Fixation
1339.5698099898602,2465.579112110391,1910.7468974676008,2424.520881989284,Blinking,Fixation,Fixation
1331.0394453333333,2474.053184,1903.4488934056008,2441.0860433604335,Blinking,Fixation,Fixation
1331.0394453333333,2474.053184,1903.4488934056008,2441.0860433604335,Blinking,Fixation,Fixation
1386.5365640568073,2911.1604394378764,1963.4984981782636,2907.769572558429,Looking center,Saccade,Saccade
1386.5365640568073,2911.1604394378764,1963.4984981782636,2907.769572558429,Looking center,Fixation,Fixation
1217.5364355859076,2818.2875406972125,1842.0984483681113,2784.2788924558586,Blinking,Saccade,Saccade
1179.0402756282704,2569.1870808460462,1791.0322499370118,2538.8181677229295,Looking center,Saccade,Saccade
1217.5364355859076,2818.2875406972125,1842.0984483681113,2784.2788924558586,Blinking,Saccade,Saccade
1179.0402756282704,2569.1870808460462,1791.0322499370118,2538.8181677229295,Looking center,Saccade,Saccade
1190.921132270446,2577.202409949808,1807.1162320362484,2545.3384088831845,Looking center,Fixation,Fixation
1258.491585402956,2570.0692863204754,1885.7890468876446,2541.7462055525275,Looking center,Saccade,Saccade
1258.491585402956,2570.0692863204754,1885.7890468876446,2541.7462055525275,Looking center,Fixation,Fixation
1234.5040463867101,2591.9355957526277,1865.0731004806273,2561.6406225599917,Looking center,Saccade,Fixation
1190.921132270446,2577.202409949808,1807.1162320362484,2545.3384088831845,Looking center,Saccade,Saccade
1277.3466442199776,2662.3828731762064,1882.5371262521985,2644.0587290662997,Blinking,Saccade,Saccade
1277.3466442199776,2662.3828731762064,1882.5371262521985,2644.0587290662997,Blinking,Fixation,Fixation
1234.5040463867101,2591.9355957526277,1865.0731004806273,2561.6406225599917,Looking center,Saccade,Saccade
1655.327995707306,2438.0144596006667,2172.913166936423,2397.1903910043443,Blinking,Saccade,Saccade
1655.327995707306,2438.0144596006667,2172.913166936423,2397.1903910043443,Blinking,Fixation,Fixation
1348.971713937176,2549.1587755413234,1870.44194322602,2580.47173715137,Blinking,Saccade,Saccade
1348.971713937176,2549.1587755413234,1870.44194322602,2580.47173715137,Blinking,Fixation,Fixation
1293.2526766595288,2641.435046395432,1812.6845564615764,2771.6725722757596,Blinking,Saccade,Saccade
1293.2526766595288,2641.435046395432,1812.6845564615764,2771.6725722757596,Blinking,Fixation,Fixation
-1,-1,-1,-1,Unknown,Unknown,Unknown
-1,-1,-1,-1,Unknown,Unknown,Unknown
-1,-1,-1,-1,Unknown,Unknown,Unknown
1454.874693959462,2635.1708609271523,1861.20855125523,2602.7918845885633,Blinking,Unknown,Unknown
1322.3470423342133,2643.5956663188263,2009.3733449156334,2609.6043854800073,Blinking,Saccade,Saccade
1322.3470423342133,2643.5956663188263,2009.3733449156334,2609.6043854800073,Blinking,Fixation,Fixation
1237.4850900790739,2625.644705306921,1905.393048498047,2590.9194925507277,Looking center,Saccade,Saccade
2111.7201083417976,3289.438419668203,2606.7825455601537,3207.3526101793364,Blinking,Saccade,Saccade
2111.7201083417976,3289.438419668203,2606.7825455601537,3207.3526101793364,Blinking,Fixation,Fixation
-1,-1,-1,-1,Unknown,Saccade,Saccade
